{
  "n": 30,
  "Acol": "A_fair_best_test",
  "Bcol": "A_plus_S_best_test",
  "meanA": 0.7931000000000001,
  "meanB": 0.7996666666666667,
  "sdA": 0.010974421671982666,
  "sdB": 0.010774597626964465,
  "mean_diff": 0.006566666666666665,
  "mean_diff_boot_mean": 0.006570859999999999,
  "mean_diff_CI_95": [
    0.0018333333333333313,
    0.011133333333333332
  ],
  "cohen_d": 0.5064543766478973,
  "cohen_d_boot_mean": 0.5353866305171674,
  "cohen_d_CI_95": [
    0.13400361084877058,
    1.021399906208743
  ],
  "t_stat": 2.7739648643727093,
  "t_p": 0.009584326126817557,
  "wilcoxon_stat": 99.0,
  "wilcoxon_p": 0.010351880024825401
}